id,concentration_id,course_code,course_title,description,prerequisites,semester
1,1,ICS 471,Deep Learning,"Feedforward networks, Loss functions, Back-propagation training, Regularization, Convolutional neural networks (CNN), Transfer learning, Recurrent and recursive networks (RNN), Vanishing gradient problem, Long-short term memory (LSTM) model, Gated recurrent units (GRUs), Auto-encoders, Transformers, and Generative adversarial networks.",COE 292 AND Math 208 AND STAT 319,First Semester
2,1,ICS 485,Machine Learning,"This course provides a thorough grounding in a wide range of machine learning methods, for classification, regression, conditional probability estimation, clustering, and dimensionality reduction. It provides the students with the essential foundations of machine learning and their applications to real world problems.",COE 292 AND MATH 208 AND STAT 319,First Semester
3,1,ICS 472,Natural Language Processing,,ICS 471,Second Semester
4,2,ICS 483,Computer Vision,"Image acquisition, Digital image and its properties, Image preprocessing, Segmentation (Thresholding, edge- and region-based segmentation), Morphological image processing. Image feature extraction. Bag of words. Image segmentation. Object detection and classification. Shape analysis. Feature tracking. Motion analysis. Case studies (object recognition / object tracking). Note: It cannot be taken for credit with COE 487 or EE 410. This interdisciplinary program covers a variety of knowledge areas in Automated Construction Management (ACM). These areas broadly include construction planning, scheduling and cost control, integrated project delivery systems, quality and project management, emerging automation technologies, introduction to different types of construction robots, use of drones, Artificial Intelligence (AI), Building Information Modelling and automation in construction management. These knowledge areas enable graduates to effectively apply the latest technologies to manage construction projects from the planning stage until the project completion. The applications of this program are wide-ranging, as they are relevant to private and public construction projects in Saudi Arabia, as well as, in line with the fourth industrial revolution in construction (IR 4.0), and it is widely applicable in diverse types of construction projects, including building, industrial and heavy construction.",ICS 485,Second Semester
5,2,ARE 432,Construction Planning and Scheduling,"Planning, scheduling, and control of construction projects using: Critical Path Method (CPM), The precedence diagram method (PDM), Project Evaluation and Review Technique (PERT); and scheduling of repetitive projects (LOB) , Resource levelling and allocation, Scheduling with limited resources; and Time-cost trade-off and Integrated project time and cost control (Earned value).",Senior Standing,First Semester
6,2,CEM 441,Automation & Robotics in Construction,"Introduction of latest tools, machines, equipment used in construction and their function, advantages and disadvantages of automation. Introduction to different types of construction robots, elements of robots: manipulators, sensors, data management and processing, mobility bases, control systems, path planning and obstacle avoidance algorithms. Benefit of application of robot in construction; cost, productivity, safety, application of robotics in construction, autonomy vs remote control.",Senior Standing AND COE 292,First Semester
7,2,ARE 466,Applied Machine Learning in Construction,"Introduction to machine learning for construction; classification and regression; linear regression, logistic regression, decision tree; ensemble learning and random forests; neural networks and deep learning and their applications in construction; clustering and dimensionality reduction; examples and case studies from the construction industry including cost estimation, productivity estimation, prediction of building energy consumption, forecasting labour productivity, prediction of construction operation duration, contractors bid decisions making, etc.",Senior Standing,Second Semester
8,3,CEM 442,Application of Digital Technologies in Construction Management,"Introduction to application of different digital technologies in construction industry including application of BIM in modelling design coordination; execution and performance assessment; visualization; cost estimating; project scheduling; application digital technologies in project monitoring and control, construction safety, and automation of data collection and Smart Equipment (unmanned vehicles), Wearable Technologies, GPS application in construction This interdisciplinary concentration merges two fields: biology and electronics. Bioelectronics and sensor as a field is considered a major contributor to the advances in the medical field. Examples of bioelectronics applications include electrocardiographs (ECG), electroencephalograph (EEG), cochlear implants, cardiac peacemaker, blood glucose meter and blood pressure monitors. This concentration is designed to equip the students with the fundamentals and concepts necessary for them to understand, design and implement a complete bioelectronics system. Topics covered in this concertation include cell biology, bioelectricity, physical operation and micro/nanofabrication techniques of biosensors, analogy front end conditioning techniques for biosignals. Students are also introduced to embedded systems programming and interfacing.",Senior Standing,Second Semester
9,3,EE 427,Bioelectronics,"Basics of bioelectronics, measurement constraints, and biostatistics. Displacement measurement: resistive sensors, inductive sensors, capacitive sensors. Operation of various sensors: PZT, temperature, and optical sensors. Conditioning circuits for biosignals. Design examples of physiological signals and their measurements. Use of CAD tools in bioelectronics system design.",EE 203 OR EE 234 OR EE 236,First Semester
10,3,COE 450,Introduction to Smart Systems,"Introduction to smart systems. Sensors and actuators: working principles, classifications, performance, characteristics, interfacing with feedback control, and data acquisition. Embedded systems: architecture, types, and interfacing. Real-time operating systems: components, requirements, configuration, and scheduling. Embedded software: development, software stack, hardware abstraction, and tools. Power management and energy harvesting for embedded systems.",EE 203 or EE 234 or EE 236,Second Semester
11,4,EE 439,Micro/Nanofabrication for Bioelectronics and Sensing,"This program provides a variety of knowledge areas on building and construction safety. It will address topics on safe and healthy built environment, safe design principles, ergonomics and human factors in design, hazard identification, risk assessment, provision and upkeep of fire safety systems, and address the impact of air quality on workers' safety, health and productivity. The program will provide more employment opportunities, pave the way for pursuing further education in topics related to building and construction safety, and facilitate certification in professional societies, such as OSHA. The main outcome of the construction area is that it will enable students to apply the principles of safe design, construction, and operation of building and construction projects, and implement procedures to identify, assess, monitor, and control the occurrence of unsafe conditions.",EE 203 OR EE 234 OR EE 236,Second Semester
12,4,ARE 436,Fire Safety Management,"Fire safety objectives; fire inception and propagation in buildings; factors controlling fire severity; the role of fire protection engineers; fire detection and notification systems; fire suppression systems; means of egress and evacuation systems; smoke management and ventilation techniques; hazard and risk assessment procedures; fire stopping; fire proofing and fire retardant treatments; fire resisting elements separating buildings or compartments within buildings; fire hazards common in the workplace; post-fire activities in the workplace; fire problems in high-rise buildings; IoT-based architecture for fire prevention; potentials of IoT technologies for fire prevention in smart buildings and cities: hazardous source monitoring and early fire warnings, on-site situational assessment, management of fire safety equipment; case studies.",,First Semester
13,4,ARC 431,Safety in Building Design,"Safety definition in buildings and spaces, concepts and principles of safety during conceptual and detailed design phases of buildings, health, safety, and welfare of buildings' occupants, Implications of safety and human comfort domains on building form and materials, and components (e.g., stairs and staircase escape exit, horizontal circulations, etc.); Influence of ergonomics and human factors on safety, and legislative requirements. Building typology, accessibility, capacity, and safety requirements in international and local Saudi building codes. Safety measures and requirements according to international remarkable rating systems such as LEED and WELL, assessing safety measures in buildings through case studies, and post occupancy evaluation of safety in facilities and spaces.",Senior Standing,First Semester
14,4,ARE 435,Construction Safety,"Fundamentals of construction safety; causes of accidents; accident investigation; techniques of safety management; the safety policy; risk assessment, monitoring and control; the health and safety plan; training; safety meetings; construction hazards; construction health and safety law; the use of virtual / augmented reality, wearable sensors / IoT and virtual construction / BIM (Building Information Modeling) for construction safety; applications of machine learning and data analytics for construction safety.",Senior Standing,Second Semester
15,5,CE 479,Air Quality in Building and Construction Sites,"Construction site planning and layout; air quality and determinant of air quality; Types and sources of pollutants in buildings and construction sites; Indicators of air quality problems in buildings and construction sites; Factors affecting air quality in building and construction site; Particulate matters, dust, gasses, hazardous processes of exposure and construction site; Air quality audit, measurements and testing techniques; Airflow and contaminant transport in Buildings; Construction Site contaminants and workers safety, health and productivity; Air safety issues, organization and management in construction, renovation works and projects neighborhoods; Legislations, standards and legal issues; Air quality modeling and simulation tools; Smart air quality monitoring sensors and control instruments; Information technology application in air quality communication-protocols, data acquisition and transmission; Case studies. This interdisciplinary program covers fundamental concepts and tools needed for understanding business analytics in organizations, with focus on data and models to explain the performance of a business and to inform business decisions and actions. Topics include regression methods (least squares, polynomial, parameter estimation, confidence intervals, tests of hypotheses, etc.), data analytics (pre-processing, analytical methods, multi-dimensionality, knowledge discovery, visualization, clustering, forecasting, descriptive analytics, decision support, intelligent systems), and application of these analytics (classification, multi-criteria decision making, neural network, recommender systems, etc.). The program also covers big data analysis, including big data collection, preparation, preprocessing, warehousing, interactive visualization, analysis, scrubbing, mining, management, modeling, and tools such as Hadoop, Map-Reduce, Apache Spark, etc. Students apply these concepts to relevant business examples.",,Second Semester
16,5,STAT 310,Linear Regression,"Simple linear regression: The least squares method, parameter estimation, confidence intervals, tests of hypotheses and model adequacy checking. Multiple linear regression, including estimation of parameters, confidence intervals, tests of hypotheses and prediction. Model adequacy checking and multicollinearity. Polynomial regression. Variable selection and model building.",STAT 201 OR STAT 212 OR STAT 213 OR STAT 319,First Semester
17,5,MIS 341,Introduction to Data Analytics,"Introduction and scope to business data analytics. Topics include data pre-processing, use of analytical methods, multidimensionality of data, knowledge discovery, data visualization, application of business analytics tools, descriptive analytics, and application of decision support and intelligent systems.",MIS 215 AND STAT 212,First Semester
18,5,MIS 442,Data Analytics Applications,"Fundamentals of data science and analytics. The use of data, statistical and quantitative analysis to inform business decisions and actions. Topics include classification analysis, multi-criteria decision making, logistic regression, naïve Bayes, nearest neighbors, association rules, neural network and recommender systems. Application of data analytics to different business problems.",MIS 341,Second Semester
19,6,ICS 474,Big Data Analytics,"Introduction to data analysis, clustering algorithms, classification algorithms, regression and prediction algorithms, and machine learning and data analytics using modelling software, classification and prediction algorithms use real cases. STAT 201 OR STAT 212 OR STAT 213 OR EE 315 This interdisciplinary program tackles a very important area of study as the world grapples with the implications of climate change. The program covers the three main strategies adopted worldwide and in Saudi Arabia in response to climate change effects; namely: mitigation, adaptation, and climate engineering or geoengineering. Mitigation techniques such as carbon capture and storage are discussed in this program. Moreover, the program introduces students to the concepts of incremental adaptation (maintaining the integrity of a system), and transformational adaptation (changing the fundamental properties of a system). Several adaptation techniques are discussed in this program such as climate-proofing, local adaptation, enhancing adaptive capacity, adaptive agricultural production, irrigation retrofit, and reforestation. Climate engineering topics are also introduced in this program related to weather control, solar radiation management, and carbon dioxide removal. Contemporary topics, such as climate adaptation policy, and joint adaptation between countries or in areas of conflict are also part of this program.",ISE 205 OR STAT 319 OR,Second Semester
20,6,CE 404,Climate Engineering,"Introduction to geoengineering; the economics of climate change; response to climate change: mitigation and adaptation techniques; impacts, adaptation, and vulnerability; plan to keep carbon in check; carbon capture, utilization and storage; climate intervention strategies and technologies; solar radiation management; carbon dioxide removal; weather modification; using the oceans to engineer the climate.",Senior Standing,First Semester
21,6,CHE 475,Climate Change Effects and Mitigation,"Natural resources and conservation; resources under stress; effects of climate change on water resources; effects of climate change on agriculture; effects of climate change on forest resources; effects of climate change on air quality; climate change coping strategies, adaptation and mitigation; disaster and vulnerability; tools for reducing vulnerability; model based predictions of the effects of climate change.",Senior Standing,First Semester
22,6,CE 478,Climate Resilient Infrastructure and Adaptation,"Vulnerability, adaptation, and adaptive capacity; adaptation and equitable development; climate impacts on urban vulnerability; risk and vulnerability assessments; climate adaptation planning and options; participation and community-based adaptation; role of engineering infrastructure on climate adaptation; multi-disciplinary infrastructure for sustainable development; effects of climate change on the multi-disciplinary infrastructure; issues for climate adaptation and climate resilient infrastructure; case studies on selected multi-disciplinary infrastructure",Senior Standing,Second Semester
23,7,GEO 401,Fundamentals of Climate Change,"Climate system, climate change and global warming; Historical climate change, politics, economy, and society; Global carbon cycle; Greenhouse gases, radiative forcing, and climate sensitivity; Sources of greenhouse gas emissions, Carbon footprint; Climate change models and scenarios; Impacts of climate change and associated vulnerability; Challenges associated with ) climate change; Adaptation and mitigation of climate change. This interdisciplinary program focuses on the development of Internet-scale applications that can serve millions of users at the same time. The program includes topics that span the disciplines of computer engineering, computer science, and software engineering. These topics include Cloud architectures and enabling technologies, Cloud services and deployment models, infrastructure as code, software-defined infrastructures, principles of distributed systems, distributed programming models, Web applications, and Cloud-native applications. The program also covers the modern software engineering practices for Cloud applications development and deployment, software architectures for Cloud applications, and design patterns and tools for performance, dependability, and security. This program is distinguished by its hands-on approach to teaching. Students will come out of the program with the motivation, tools, and confidence they need to successfully apply Cloud computing to create business value.",Senior Standing,Second Semester
24,7,COE 452,Principles of Cloud-based Systems,,COE 344 OR ICS 343,First Semester
25,7,COE 427,Distributed Computing,,Senior Standing,First Semester
26,7,COE 453,Cloud and Edge Computing,"Internet and web protocols and technologies (HTTP). Basics of web development: frontend, backend, and full-stack (HTML, CSS, Javascript, Node.js). Web services and RESTful APIs. Introduction to utility computing: Cloud and Edge computing. Cloud Service-oriented architecture and microservices. The XaaS pyramid. Serverless computing. Cloud resource management. Virtualization and containerization (Docker and Kubernetes). Cloud data storage: BigTable, Dynamo, and Cassandra. Batch cloud processing: MapReduce and Hadoop, Spark, BigTable. Cloud-native applications. Security of Cloud computing. Hands-on activities and project.",COE 344 OR ICS 343 OR EE 400,Second Semester
27,8,SWE 455,Cloud Applications Engineering,"This interdisciplinary program focuses on contemporary and novel topics in communications, for both military and civilian applications, including communication networks and protocols and digital communication systems (including wireless 5G and 6G) in both sub-gigahertz and mm-wave bands. The concentration focuses on all communication layers, starting from the physical and ending with the application layer. Topics include network architectures, physical layer protocols, digital transmission, data link layer protocols, packet and circuit switching, baseband transmission, performance in the presence of noise, signal-space analysis, modulation schemes, channel capacity, cellular propagation modeling, cellular frequency planning, link control, handoffs, power control, traffic capacity, multiple access techniques, current and future wireless standards, optical communications, passive and active optical components, optical modulation and demodulation, etc.",COE 344 OR ICS 343,Second Semester
28,8,EE 417,Modern Digital Communication Systems,"Review of digital representation of analog signals. Baseband transmission of digital signals. Matched filter detection. Performance of digital communication systems in the presence of noise. Signal-space analysis. Optimum receivers. Band-pass transmission of digital signals. Modulation schemes: ASK, FSK, PSK, OFDM. Introduction to entropy, channel capacity, and forward error control. Emerging topics in digital communication systems.",EE 315 AND EE 370,First Semester
29,8,EE 420,Optical Fiber Communications,"Optical fiber waveguides: ray and mode theories. Step-index and graded-index fibers. Transmission characteristics of optical fibers: losses and dispersion. Methods of manufacturing optical fibers and cables. Connections of optical fibers. Measurements of attenuation, dispersion, refractive index profile, numerical aperture, diameter, and field. Optical sources: semiconductor lasers and light emitting diodes. Optical detectors. Optical fiber systems. Digital and analog systems. Design of a simple optical fiber communication link.",PHYS 305,First Semester
30,8,EE 419,Wireless Communication,"Wave propagation mechanism. Antenna type. Channel models. Large and small scale fading. Performance of digital modulation over fading channels. Diversity. Link budget analysis. Multiple access techniques (TDMA, FDMA, CDMA). Cellular systems (frequency planning, capacity, handoff, sectorization). Modern wireless communication technologies and standards.",EE 315 AND EE 370,Second Semester
31,9,EE 400,Telecommunication Networks,"Network Architectures. Network Layers: OSI Model and TCP/IP Model. Physical Layer Protocols and Digital Transmission Fundamentals. Data Link Layer Protocols. Network Layer Protocols: IP Protocols. Medium Access Control systems. Packet Switching and Circuit Switching. Routing in Packet Switching Networks. Security Protocols. The concentration is designed to introduce students to wired/wireless computer networks, design aspects of computer networks, network management and security and internet and cloud engineering.",EE 370 AND EE 315,Second Semester
32,9,COE 444,Network Design,"Introduction to types of computer networks: LANs, VLANs, and WANs. STP and PVST protocols, in addition to ACL (Standard and Extended) to be covered. IPv4 and IPv6 subnetting and routing. Network development life cycle. Network analysis and design methodology. Link topology and sizing; Routing; Reliability. Data in support of network design. Data center design and implementation. Introduction to Packet tracer simulator/emulator or other network simulation tools. Note: Not to be taken for credit with ICS 443.",COE 344 OR ICS 343 OR EE 400,First Semester
33,9,COE 446,Mobile Computing,"Introduction to mobile computing, which are wireless randomly moving devices with/without administration center. Studying exciting infrastructure/infrastructure-less wireless protocols in order to design computer networks. Quality of Service (QoS) issues and performance evaluation of various wireless protocols using simulation programs.",COE 344 OR ICS 343 OR EE 400,First Semester
34,9,COE 453,Cloud and Edge Computing,"Internet and web protocols and technologies (HTTP). Basics of web development: frontend, backend, and full-stack (HTML, CSS, Javascript, Node.js). Web services and RESTful APIs. Introduction to utility computing: Cloud and Edge computing. Cloud Service-oriented architecture and microservices. The XaaS pyramid. Serverless computing. Cloud resource management. Virtualization and containerization (Docker and Kubernetes). Cloud data storage: BigTable, Dynamo, and Cassandra. Batch cloud processing: MapReduce and Hadoop, Spark, BigTable. Cloud-native applications. Security of Cloud computing. Hands-on activities and project.",COE 344 OR ICS 343 OR EE 400,Second Semester
35,10,ICS 445,Network Management and Security,"Network Management Standards, Models, and protocols. Network Management Applications, Tools, and Systems. Remote Monitoring and Management (RMM). Large scale network management techniques and systems. Security of LANs, wireless LANs, and cellular networks. Authentication, authorization, accountability, and access controls of computer networks. Network protection tools: Firewalls, Intrusion Detection and Prevention Systems, Sandboxing, proxies. Study of diverse attack types: DDoS, spoofing, flooding, hijacking, poisoning, DNS, replay attacks and their countermeasures. Hands-on experiences in network security using Kali Linux. Hands-on experiences in implementing secure, manageable networks. This interdisciplinary concentration provides the students with the required fundamental understanding of electrochemical corrosion engineering and materials degradation. Students are exposed to topics such as corrosion types and mechanisms, and materials' degradation. Furthermore, it also equips students with the ability to use numerical and analytical techniques to predict and evaluate corrosion phenomena in order to develop sound corrosion management plans. In addition, it promotes interdisciplinary education where materials science and engineering intersect with chemistry and mathematics and other engineering disciplines. The applications of this concentration are wide-ranging and include oil and gas industries, petrochemical industries, desalination plants and constructions.",COE 344 OR ICS 343 OR EE 400,Second Semester
36,10,ME 472,Corrosion engineering,,"MSE 201, ME 216, ME 207",First Semester
37,11,COE 426,Data Privacy,"Data privacy: definition and terminologies. Difference between data security and privacy. Data privacy attacks. Data privacy laws and regulations. Privacy risk and impact assessment. Privacy engineering, management, and evaluation. Data anonymization. Statistical privacy. Differential privacy. Cryptographic privacy. Homomorphic encryption. Secure multi-party computation. Secure data outsourcing. Data hiding and steganography. Anonymous networks. Trusted execution environment. Applications of privacy preserving technologies in computer systems and applications.",Senior Standing,First Semester
38,11,ICS 440,Cryptography and Blockchain Applications,"Secret key encryption; Block and stream ciphers, Encryption standards; Number theory: Divisibility, Modular arithmetic, Group theory and Finite fields; Public key encryption: RSA, ElGamal and Rabin cryptosystems; Diffie-Hellman key exchange; Cryptographically secure hashing; Authentication and digital signatures; Digital signature standard (DSS), Randomized encryption; Cryptocurrency, Blockchain models and applications. Security issues and their solutions in Blockchain models and applications. Blockchain payment networks.",[Math 208 OR MATH 260 OR ICS 254] AND STAT 319,First Semester
39,11,ICS 442,Penetration Testing and Ethical Hacking,"Introduction to penetration testing and ethical hacking, requirements and legal issues, setting up virtual lab; Exploring Kali Linux and Metasploit framework, hacking and penetration testing phases; Information gathering through passive and active reconnaissance, footprinting, social engineering, port scanning; Advanced fuzzing techniques; Exploitation, password attacks and gaining access to remote services; Web penetration testing and web-based exploitation; Maintaining access with backdoors and rootkits; Bypassing defense applications; Wireless and mobile device hacking techniques; Writing penetration testing report; Tools and programming available for penetration testers in both Windows and Linux platforms such as Kali Linux, OpenVAS, Burp, NMAP, Netcat, Python, etc.",ICS 343 OR COE 344 OR COE 353,Second Semester
40,12,SWE 445,Secure Software Development,"Security in requirements engineering; Secure designs; Risk analysis; The SQUARE Process Model; Threat modeling; Defensive coding; Software protection; Fuzzing; Static analysis and security assessment; Memory leaks, buffer and heap overflow attacks, injection attacks. This interdisciplinary program focuses on the analysis and handling of data from multiple sources and for various applications in order to draw inferences from it, combining topics from mathematics, statistics, and computer science. These topics include probability theory, inference, least-square estimation, maximum likelihood estimation, finding local and global optimal solutions (gradient descent, genetic algorithms, etc.), and generalized additive models. It also covers machine learning topics such as classification, conditional probability estimation, clustering, and dimensionality reduction (e.g. discriminant factor and principal component analyses), and decision support systems. The program also covers big data analysis, including big data collection, preparation, preprocessing, warehousing, interactive visualization, analysis, scrubbing, mining, management, modeling, and tools such as Hadoop, Map-Reduce, Apache Spark, etc.",Senior Standing,Second Semester
41,12,ICS 474,Big Data Analytics,"Introduction to data analysis, clustering algorithms, classification algorithms, regression and prediction algorithms, and machine learning and data analytics using modelling software, classification and prediction algorithms use real cases. STAT 201 OR STAT 212 OR STAT 213 OR EE 315",ISE 205 OR STAT 319 OR,First Semester
42,12,MATH 405,Learning from Data,"Review of basic vector and matrix operations, Orthogonality, Projection, Eigendecomposition, Factorizations, Covariance, Multivariate Gaussian, Minimum Problems, Lagrange Multipliers, Linear Programming, Least-Square Estimation, Maximum Likelihood Estimation, Gradient Descent. Applications to Machine Learning using Linear Regression and Neural Networks.",[MATH 102 OR MATH 106] AND [STAT 201 OR 212 OR 319 OR ISE 205] AND [ICS 102 OR ICS 103 OR ICS 104],First Semester
43,12,STAT 413,Statistical Modeling,"Simple and Multiple Linear Regression, Polynomial Regression, Splines; Generalized Additive Models; Hierarchical and Mixed Effects Models; Bayesian Modeling; Logistic Regression, Generalized Linear Models, Discriminant Analysis; Model Selection.",MATH 405,Second Semester
44,12,ISE 487,Predictive Analytics Techniques,"Characteristics of time series, trends, seasonality, noise, stationarity; Statistical background and model evaluation methods; Time series regression, variable selection and general linear regression; Exponential Smoothing and seasonal data; ARIMA based models including MA, AR, ARMA, ARIMA and SARIMA, Model validation and parameter estimation; Advance predictive analytics: Multivariate prediction, state space models, neural networks, spectral analysis and Bayesian methods.",[MATH,Second Semester
45,13,ISE 447,Decision Making,Basic decision-making model under certainty with multiple criteria as well as under pure Uncertainty, Risk, Risk with information and conflict with single criteria. Structuring decision problems as well as applications in systems engineering are emphasized through problem sets, case studies and term project.,ISE 205,First Semester
46,13,ICS 487,Intelligent Decision Support Systems,Intelligent decision support systems and applications.,ISE 205 OR STAT 319 OR EE 315,First Semester
47,13,ISE 455,Applied Models for Optimal Decisions,Review of decision making under uncertainty and risk. Linear and linear programming for deterministic decision making. Chance constrained and two stage stochastic programming. Risk analysis, robust and queuing theory. New concepts will be presented through cases studies using inductive teaching. Students must work on a project that demonstrates their understanding of decision making under uncertainty applied to a real case.,ISE 447,Second Semester
48,13,MATH 407,Applied Game Theory,Formulation of strategic and cooperative games in energy industry, such as oil & gas and electric power companies, and portfolio analysis. Dominant, optimal strategies and Nash equilibrium. Coalition formation in cooperative games is used to represent OPEC to investigate their formation. Games in characteristic function format. Concepts of solutions for games. Pareto optimal solutions, core, and Shapely value. Other cases for allocation of resources, design, supply chain will be modelled in the context of game theory.,ISE 303 OR STAT 361,Second Semester
49,14,AE 449,Fundamentals of Unmanned Aerial Systems,This course presents students with the fundamentals of unmanned aerial systems. Coverage includes UAVs components, configurations, classifications, communication frameworks, fundamentals of flight, regulations, safety, and future challenges. Also, the course covers performance, mathematical modeling and system dynamics of UAVs, and common control techniques to improve system's stability and performance with more emphasis on multirotor UAVs. Students shall apply basic knowledge on a real system, i.e. drones.,[MATH 202 OR MATH 208] AND PHYS 102,First Semester
50,14,CIE 483,Artificial Intelligence and Machine Learning for Robots,Application of Artificial Intelligence (AI) and Machine Learning (ML) for robotic systems. Intelligent Agents (IA), blind/uninformed and informed search algorithms for path planning. Relational and associative navigation, behavior coordination, uncertainty, and probabilistic reasoning. knowledge representation methods. Different types of IA architectures (operational, systems and technical) and layers (behavioral, deliberative, interface) within a canonical operational architecture of an intelligent robot. Logical agents, deductive and practical reasoning agents, reactive and hybrid agents, rational agents and how to use such techniques for creating autonomous robots/agents. Fundamentals and practical usage of Machine Learning (ML) algorithms, including supervised, unsupervised, reinforcement and evolutionary learning paradigms for implementing autonomous robots/agents.,,First Semester
51,14,CIE 482,Path Planning and Navigation for Mobile Robot,Key concepts, algorithms and design of robot motion and navigation in the presence of obstacles and static and dynamic environments with uncertainty. Real-time feedback control to track the planned motion, Cspace obstacles, grid-based motion planning, randomized sampling-based planners, and virtual potential fields. Motion and force control, flying robot trajectory design, UAV's trajectory.,CIE 480 OR AE 449,Second Semester
52,14,AE 454,UAS Design and Integration,Introduction to unmanned aerial systems (UAS), of-the-shelf aerial sensors and supporting platforms. Custom design, integration and calibration of new UAS sensory systems, hybrid power systems and hybrid/non-hybrid civil/military UAS. Physical/aerodynamic design limitations, data quality/accuracy versus speed of UAS function, basic autonomous, swarm intelligence and cooperation strategies. Design ethics, standards and engineering collective consciousness. General Optimization of UAS function and intelligent control.,Senior Standing,Second Semester
53,15,EE 406,Digital Signal Processing,Discrete time signals and systems. Linear shift-invariant systems response, difference equations, convolution, and frequency response. Discrete Fourier transform. FFT algorithms. Discrete time Fourier transform and applications. Sampling and aliasing. Finite impulse response (FIR). Filter design techniques, Infinite impulse response (IIR) Filter Design.,EE 207,First Semester
54,15,EE 407,Microwave Engineering,Review of Transmission line theory, Planar Transmission lines, Microstrip lines and components, Microwave Network Analysis, Microstrip Capacitors, Resistors and Inductors, Microstrip Passive devices (Coupler, Power divider, Filter, Circulator, Phase shifter and Patch antenna), Microstrip Active devices (Diode, Transistor, Amplifier, Oscillator, Mixer and Demodulator), Introduction to Microwave Integrated Circuits.,PHYS 305 OR EE 340,First Semester
55,15,EE 416,Introduction to Radar,Fundamentals of radar system engineering. Radar range equation. Radar transmitters, antennas, and receivers. Concepts of matched filtering, pulse compression, and the radar ambiguity function. Radar target detection in a noise background. Target radar cross-section models. Propagation and clutter. MTI and pulsed Doppler processing. Range, angle, and Doppler resolution/accuracy. Tracking. Imaging radar. Range and cross-range resolution; Image formation and characteristics. Backscatter. Modern techniques for electromagnetic sensing.,EE 207 OR CIE 315,Second Semester
56,15,EE 421,Photonics and Optical Engineering,Review of basics of optics including photon-matter interaction, interference, diffraction, coherence, polarization, etc. Introduction to geometrical optics. Light sources and transmitters. Optical detectors and receivers. Optical waveguides and optical fibers. Optical devices: amplifiers, filters, isolators, diffraction gratings, switches, polarization controllers and modulators. Operating principles of optical multiplexers and demultiplexers. A survey on some contemporary topics in photonics and optics.,PHYS 305 OR EE 340,Second Semester
57,16,ARE 421,Building Energy Analysis,Introduction to building energy systems, building thermal and energy performance parameters; design methods for improving building energy efficiency, application of thermal sciences to the evaluation of building envelope and energy systems including HVAC system; energy estimation methods. Application of software tools for building energy analysis.,,First Semester
58,16,EE 459,Electrical Energy Efficiency,Fundamental principles, concepts, contexts, issues, applications and future developments of energy efficiency and demand side management (DSM). Benefits of energy efficiency and DSM. Energy economics and markets. Efficiency of generation, transmission and distribution systems. Energy efficiency policies, standards and regulations. International practices in energy efficiency and demand side management. Future sustainable energy systems and smart grids.,EE 202 OR EE 204 OR EE 234,First Semester
59,16,EE 468,Renewable Energy,Energy Conversion; Electric energy from renewable sources: Hydro-electric, Solar, Wind, Fuel cells, Geothermal, Biomass, Tidal power plants; Energy storage; Renewable energy sources integration; Design of standalone and integrated systems.,EE 202 OR EE 204 OR EE 234,Second Semester
60,16,ME 429,Energy Efficiency and Auditing,Overview on energies and energy auditing standard processes, understanding and analysis of energy bills, economic and life cycle costing analysis, fundamentals of electric systems, lighting, electric motors and drives, Building Envelop (revisions of modes of heat transfer, Insulation and building codes), HVAC, boilers and steam distribution systems, compressed air systems, renewable energy systems and waste water management, human behavior and facility energy management.,Senior Standing,Second Semester
61,17,PETE 432,Water Flooding,Introduction to basic theoretical and design aspects of water flooding processes. Review of capillary phenomena and relative permeability characteristics of reservoir rocks. Theory of immiscible displacement including piston-like and frontal advance mechanisms. Injectivity analysis and performance prediction of linear and pattern floods including heterogeneous reservoirs. Problems encountered in water flooding projects such as scaling.,PETE 301 OR PETE 330,First Semester
62,17,PETE 461,Chemical Enhanced Oil Recovery,Processes that involve injecting aqueous solutions of chemicals into an oil reservoir to reduce water/oil interfacial tension, alter the wettability of reservoir rock, or improve the sweep efficiency of flood water. Types of surfactants, co-surfactants, polymers, and alkalis used. Phase behavior of water-oil-surfactant mixtures. Design and recovery forecasting of chemical floods. Chemical retention problems.,PETE 301 OR PETE 330,First Semester
63,17,PETE 462,Thermal Enhanced Oil Recovery,Processes that involve heating an oil reservoir to reduce oil viscosity. Thermal properties of reservoir rocks and fluids. Modes of steam flooding: Cyclic and continuous. Oxidation and pyrolysis kinetics of crude oil. Air injection. In-situ combustion modes: Dry forward, wet, and reverse combustion. Design and recovery forecasting of thermal floods.,PETE 432,Second Semester
64,17,PETE 463,Miscible Enhanced Oil Recovery,Processes that involve injecting gases or liquids into an oil reservoir to achieve miscibility with the oil and improve its displacement efficiency. Phase behaviour of various gases/gas mixtures with crude oil. First-contact and multiple-contact miscibility conditions. Carbon dioxide flood. Nitrogen/flue gas flood. LPG flood. Estimation of minimum miscibility pressure. Design, selection/screening criteria and recovery forecasting of miscible floods.,PETE 432,Second Semester
65,18,HRM 390,Performance Appraisal & Management,Covers how employee performance is organized, appraised, and managed to achieve organizational and individual performance goals. Topics include introduction to performance management, performance management process, performance management and strategic planning, appraisal systems and techniques, measurement approaches, performance analytics, team performance management, performance measurements and their validity, and performance appraisal and management.,HRM 301,First Semester
66,18,HRM 402,Training & Development,Provides students with information and insights into the training and development functions in organizations. Topics include aligning training with strategy, types of learning styles, designing training needs analysis questionnaire, training methodology, implementation and evaluation of training, and employee and management development.,HRM 301,First Semester
67,18,HRM 401,Staffing & Selection,Provides an in-depth analysis of the methods used in staffing and selection processes. Topics include strategic staffing, strategic job analysis, and competency modelling, recruitment and selection, legal context, choosing and hiring candidates, and managing workforce flow.,HRM 301,Second Semester
68,18,HRM 403,Compensation and Benefits Management,Focuses on the techniques, processes, and decisions of the design and management of employee compensation. It covers the strategic choices involved in the design and management of compensation. Topics include job analysis, job descriptions and specifications, job evaluation techniques, pay levels determination, labor markets, pay surveys, performance appraisal, incentives, benefits, compensation laws, compensation of special groups, nontraditional forms of compensation such as knowledge and skill-based pay systems, and the role of government and society. Also coverage will include the global aspects of compensation and compensation in the Saudi business environment.,HRM 301,Second Semester
69,19,CHE 444,Fuel Cells, Batteries and Supercapacitors,Fuel cell thermodynamics and electrochemistry. Charge transport in polymer and ceramic electrolytes. Gas phase transport in fuel cells (diffusion and fluid mechanics). Energy balance and heat management. Flux balance for fuel cells. Electrochemical energy storage including batteries and supercapacitors. Power management strategies for hybrid storage systems.,CHE 303 OR ME 204,First Semester
70,19,EE 458,Hydrogen and Electricity Infrastructures,Energy-chain analysis of hydrogen and electricity. Hydrogen mobility powertrain, efficiency, and storage. Fundamentals of optimization and economic analysis. Hydrogen and renewable energy. Large-scale hydrogen storage and its interactions with electric power infrastructure. Fuel cells as distributed energy resources in a smart energy grid.,CHE 303 OR ME 204,First Semester
71,19,CHE 404,Hydrogen production and storage,The aim of this course to provide insight into the alternative resources and technologies for hydrogen production and to discuss the present options of hydrogen storage and future needs.,CHE 303,Second Semester
72,19,ME 432,Internal Combustion Engines,Engine anatomy, designs, classifications, and configurations. Combustion chemistry and energy analysis. Idealized cycles of internal combustion engines. Spark-ignition (SI) and compression-ignition (CI) engines. Low-temperature-combustion (LTC) and gasoline-compression-ignition (GCI) engines. Engine performance parameters. Engine knock. Fuel octane and cetane numbers. Super and turbocharging. Engine emissions and control.,ME 204 OR CHE 303,Second Semester
73,20,PHYS 336,Physics of Semiconductor Devices,Electronic structure of isolated atoms; atoms bonding, crystal structure, energy bands in solids; electrons and holes in semiconductors, drift and diﬀusion, mobility, recombination and lifetime, conductivity; PN junctions, I(V)characteristic, applications; Light emitting diodes, Laser Diodes, Solar Cells, Bipolar transistor, MOSFETs.,PHYS 102,First Semester
74,20,COE 461,Principles of VLSI Design,Introduction to Semiconductors; doping, mobility, and currents. MOS Transistors; operation and limitations. CMOS digital logic circuits, static & dynamic logic, combinational and sequential circuits, propagation delay. Circuit design and transistor sizing. Spice Simulations. MOS IC fabrication, layout and design rules, stick diagrams. IC Design and Verification Tools. Subsystem design and case studies, and practical considerations.,COE 202 or CIE 204, EE 203 or EE 236,First Semester
75,20,EE 436,Introduction to Micro and Nanoelectronics,Introduction to microfabrication techniques (photolithography, etching, deposition, thermal processes, etc.). Introduction to CMOS technology and its manufacturing from older to current technologies, including challenges and future developments. Introduction to Micro Electro-Mechanical Systems (MEMS), Nanotechnology and Nanomaterials. Emerging technologies (Flexible/Stretchable electronics, Energy Micro- and Nano-harvesters).,EE 203 or EE 234 or EE 236,Second Semester
76,20,EE 425,Integrated Circuits Analysis and Design,Introduction to analog integrated-circuits and device modeling including 2nd order effects of transistors. Analysis and design of integrated circuits including single-stage amplifiers, differential pairs, OTA, Opamp, biasing blocks, current mirrors, voltage references and output stages. Layout considerations and CAD tools,EE203 or EE236,Second Semester
77,21,ME403,The Design Process,Opportunity identification; Concept development processes; Product concepts, Service concepts, Concept evaluation; Building and testing of models and prototypes; Product economics; Teamwork; Multidisciplinary project planning and execution; Role of industrial design in product design,Senior Standing,First Semester
78,21,ITD420,Creative Thinking Techniques,Historical and modern perspective of innovation and design. Creative and critical design thinking techniques. Engineering-related problem–solving through innovative and design methodologies. Design ideation processes and principles, concept generation techniques, and design thinking. Individual and group creativity projects and challenges. Ethical considerations and responsibility of innovation.,,First Semester
79,21,ME404,Design for Sustainability,Use of quantitative and qualitative tools to access the sustainability of products, processes, and systems; Training in life cycle assessment (LCA); Sustainable material selection; Several case studies related to sustainable design with applications in consumer products, transportation, and industry,Senior Standing,Second Semester
80,21,ISE453,Design Optimization,Mathematical modeling of design optimization; solving unconstrained and constrained optimization problems; formulation of single and multiple design variables, applications in aspects of engineering design; basics of multi-objective problems, optimization under uncertainty; emphasis on application with multidisciplinary case studies; solving optimization problems using software modeling language package.,Math 201, Senior Level Standing,Second Semester
81,22,ME 429,Energy Efficiency and Auditing,Overview on energies and energy auditing standard processes, understanding and analysis of energy bills, economic and life cycle costing analysis, fundamentals of electric systems, lighting, electric motors and drives, Building Envelop (revisions of modes of heat transfer, Insulation and building codes), HVAC, boilers and steam distribution systems, compressed air systems, renewable energy systems and waste water management, human behavior and facility energy management.,Senior Standing,First Semester
82,22,ICS 474,Big Data Analytics,Introduction to data analysis, clustering algorithms, classification algorithms, regression and prediction algorithms, and machine learning and data analytics using modelling software, classification and prediction algorithms use real cases.,ISE 205 OR STAT 319 OR STAT 201 OR STAT 212 OR STAT 213 OR EE 315,First Semester
83,22,ME 426,Energy Management Policies,Overview of electricity generation, transmission, distribution, power plant economics, regulations, and policies used in new technologies (IoT, Data analysis, Smart metering), big data management in energy projects, role of a digital industry 4.0 in a renewable energy system, review of existing energy policies, world electricity market and energy security, electricity price regulations, future market trends, and derivatives, environmental impacts, policy planning.,Senior Standing,Second Semester
84,22,EE 461,Smart Grids,Smart Grids Fundamentals and Components, Smart grid Control and Automation Technologies, Power Electronics and Energy Storage, Information and Communication Technologies, Demand Side Management, Energy Efficiency, Overview of Typical Pilot Projects in the World.,EE 201 OR EE 204 OR EE 234 OR EE 236,Second Semester
85,23,COE 450,Introduction to Smart Systems,Introduction to smart systems. Sensors and actuators: working principles, classifications, performance, characteristics, interfacing with feedback control, and data acquisition. Embedded systems: architecture, types, and interfacing. Real-time operating systems: components, requirements, configuration, and scheduling. Embedded software: development, software stack, hardware abstraction, and tools. Power management and energy harvesting for embedded systems.,EE 203 or EE 234 or EE 236,First Semester
86,23,ICS 474,Big Data Analytics,Introduction to data analysis, clustering algorithms, classification algorithms, regression and prediction algorithms, and machine learning and data analytics using modelling software, classification and prediction algorithms use real cases.,ISE 205 OR STAT 319 OR STAT 201 OR STAT 212 OR STAT 213 OR EE 315,First Semester
87,23,CIE 464,Industrial Internet of Things (IoT) Technology,Internet of Things (IoT) technology and Industrial Control Systems (ICS) for Industry 4.0, IoT/IIoT reference architectures and data flow, industrial communication technologies and networking protocols, highly distributed system architectures and computing platforms, digital twins, ICS security, predictive analytics, maintenance, and system optimization. Embedded intelligence in end devices to perform local analytics and optimization. Applications of IIoT in various areas such as energy sector, manufacturing, and smart cities,CIE 318 OR COE 344 OR ICS 343 OR EE 400,Second Semester
88,23,COE 454,Internet of Things,IoT systems design and architecture: elements of IoT system, potentials, constrains, and applications. IoT access technologies: 802.15.4, BLE, LoRaWAN, NB-IoT, Sigfox, and 802.11ah. IoT networking protocols: IPv4, IPv6, 6LoWPAN, and RPL. IoT application layer protocols: HTTP, MQTT, and CoAP. Wireless Personal Area Network (WPAN) using ZigBee network. Low Power Wide Area Network (LPWAN) using LoRAWAN. Machine-to-Machine (M2M) and Machine-to-Cloud (M2C) communication. IoT network architecture: cloud, fog, and edge layers. IoT system security. Data analytics for IoT.,COE 344 OR ICS 343 OR EE 400,Second Semester
89,24,EE 407,Microwave Engineering,Review of Transmission line theory, Planar Transmission lines, Microstrip lines and components, Microwave Network Analysis, Microstrip Capacitors, Resistors and Inductors, Microstrip Passive devices (Coupler, Power divider, Filter, Circulator, Phase shifter and Patch antenna), Microstrip Active devices (Diode, Transistor, Amplifier, Oscillator, Mixer and Demodulator), Introduction to Microwave Integrated Circuits.,PHYS 305 OR EE 340,First Semester
90,24,EE 421,Photonics and Optical Engineering,Review of basics of optics including photon-matter interaction, interference, diffraction, coherence, polarization, etc. Introduction to geometrical optics. Light sources and transmitters. Optical detectors and receivers. Optical waveguides and optical fibers. Optical devices: amplifiers, filters, isolators, diffraction gratings, switches, polarization controllers and modulators. Operating principles of optical multiplexers and demultiplexers. A survey on some contemporary topics in photonics and optics.,PHYS 305 OR EE 340,First Semester
91,24,PHYS 415,Laser and Applications,Basic physics of laser, theoretical formulations and experimental foundations; stimulated emission, population inversion, optical pumping; Solid, liquid and gas lasing media and metastable states; Laser resonators and geometries; transverse and longitudinal modes of the laser; CW and pulsed laser; temporal characteristics of the laser; tuneable laser/ optical parametric oscillation, harmonic generation; Q-switching, mode locking, cavity dumping; key laser parameters; temporal and spatial coherence of laser; different kinds of lasers; Laser based remote sensor (LIDAR); DIAL, fluorescence, Raman, Doppler, wind, air born, and space born LIDAR systems.,Senior Standing,Second Semester
92,24,GEOP 422,Remote Sensing,Introduction to microwave & optical remote sensing and Geographic Information Systems (GIS) and their application to geosciences. Aerial photography and other remote sensing techniques, principles of photogrammetry and image interpretation for geological information. Electromagnetic (EM) Properties of natural earth materials. Fundamentals of ground-penetrating radar (GPR) systems. Design, processing, interpretation, and applications of EM and GPR methods.,PHYS 305,Second Semester
93,25,COE 450,Introduction to Smart Systems,Introduction to smart systems. Sensors and actuators: working principles, classifications, performance, characteristics, interfacing with feedback control, and data acquisition. Embedded systems: architecture, types, and interfacing. Real-time operating systems: components, requirements, configuration, and scheduling. Embedded software: development, software stack, hardware abstraction, and tools. Power management and energy harvesting for embedded systems.,EE 203 or EE 234 or EE 236,First Semester
94,25,ME 455,Mechatronics Design,Advanced mechatronic systems design, integration, and analysis methodologies. Theoretical and practical knowledge of diverse mechatronic elements and systems, including system integration, sensors, actuator design, and selection, use of signal conditioning techniques and components, and control. Reverse engineering, design for manufacturing, fast prototyping, and human-robotic/mechatronic interaction considerations. Design and implementation of a comprehensive mechatronic project.,Senior standing,First Semester
95,25,EE 436,Introduction to Micro and Nanoelectronics,Introduction to microfabrication techniques (photolithography, etching, deposition, thermal processes, etc.). Introduction to CMOS technology and its manufacturing from older to current technologies, including challenges and future developments. Introduction to Micro Electro-Mechanical Systems (MEMS), Nanotechnology and Nanomaterials. Emerging technologies (Flexible/Stretchable electronics, Energy Micro- and Nano-harvesters).,EE 203 or EE 234 or EE 236,Second Semester
96,25,CIE 445,Control of Mechatronic Systems,Introduction to control of mechatronic systems, modeling principles and characteristics of sensing elements in mechatronics, concepts and modeling of actuators in mechatronics, such as mechanical, electromechanical, electro[1]fluidic, etc., and signal conditioning circuits. Introduction to digital control, discrete-time and event-based systems, stability analysis in z-domain, digital control design, compensation; Case studies employing MATLAB and Simulink,Senior Standing,Second Semester
97,26,GEOL 455,Applied Geochemistry,This course examines the geochemical behavior of elements in the solid Earth and their role in ore-forming processes. Topics include the origin and classification of elements, element partitioning and mobility, fluid–rock interaction, and controls on element transport and deposition. Emphasis is placed on the use of stable and radiogenic isotopes, trace element systematics, and geochemical modeling to interpret mineralizing environments. Students will apply geochemical tools to understand metal sources, pathways, and traps in magmatic, hydrothermal, and sedimentary systems. Additional topics include geochemical anomalies, exploration geochemistry, and isotopic tracing of ore genesis.,GEOL 217,First Semester
98,26,GEOL 457,Geology of Ore Deposits,This course examines the formation, classification, and mineralogical and geochemical characteristics of the different mineral deposits. Students will gain an overview of major ore deposit types and their classification based on mineral commodities, tectonic settings, geological environments, and genetic models. Laboratory sessions will focus on identification of ore samples in hand specimen and using reflected light microscopy. Field trips to active mines and key geological sites provide hands-on experience and practical insight into ore deposit studies.,GEOL 217,First Semester
99,26,GEOP 458,Geoscience Practices in the Mining Industry,This course focuses on the application of remote sensing and geophysical techniques in mineral exploration and ore deposit characterization. Students will examine how geological, tectonic, and surface processes influence geophysical and remote sensing signatures associated with different ore deposit types. The course covers the use of satellite, airborne, and drone-based remote sensing methods, along with ground geophysical surveys, for identifying mineralization patterns and alteration zones. Emphasis is placed on data acquisition, processing, and interpretation, including noise reduction and data integration for accurate geological modeling. Students will learn to apply geostatistical and uncertainty analyses and explore the use of machine learning and artificial intelligence in remote sensing and mineral targeting.,Senior standing,Second Semester
100,26,GEOL 459,Life of Mine,This course covers the complete lifecycle of a mining operation, from exploration and resource evaluation to mine planning, development, production, closure, and site reclamation. Topics include mine design and infrastructure planning, ore extraction methods, and basics of mineral processing. The course also explores mitigation and reclamation strategies, post-mining land use, and mine closure planning. Corporate social responsibility and ethical practices in the mining industry are discussed through real-world case studies.,Senior standing,Second Semester
101,27,CHE 463,Polymer Technology,Structure and physical properties of polymers. Homogeneous and heterogeneous polymerization processes. The chemical, mechanical, and engineering properties of polymers as well as polymer processing and rheology are emphasized in this course.,ME 216 OR ME 205 OR ME 207 OR CE 204 OR CHEM 458,First Semester
102,27,ME 476,Non-Metallic Materials,Structures, mechanical properties, and processing of ceramics, polymers, and composites. Electrical and thermal properties. Case studies on the use of non-metallic materials in applications related to energy, desalination, aerospace, and civil infrastructure.,ME 205 OR ME 207 OR ME 216 OR CHEM 458 OR CE 303 CE 204,First Semester
103,27,CHEM 457,Polymer Characterization and Analysis,Polymer characterization and analysis using various qualitative and quantitative analytical instruments. Principles, applications, and limitations of the classical analytical techniques required for analysis and characterizing of different kinds of polymers. Analysis of molecular weight, mechanical properties, thermal properties, in addition to spectral analysis. Interpretation of data collected using different techniques of polymer analysis.,CHEM 451 OR CHE 463,Second Semester
104,27,CHE 484,Polymer Composites and Applications,Polymer Compounding & Additives for Polymers. Polymer Blends & Composites. Polymer Material Selection for specified applications. Polymer Products Processing Techniques. Application of Polymer Products. Polymers in Building & Construction. Petroleum Industry. Pipe & Cable Industry. Polymers in Automobile & Aerospace Sector. Fiber, Textile, Paint & Adhesive Technology. Polymer Composites Degradation. Polymer Composites Recycling. Additives.,ME 205 OR ME 207 OR ME 216 OR CHEM 458 OR CE 303 OR CE 204,Second Semester
105,28,CHE 444,Nuclear Power Engineering,This interdisciplinary program prepares students to manage and operate nuclear power plants. Topics include materials in nuclear power plants, nuclear plant operations, plant safety, fuel separation and purification, reactor products, nuclear fuel cycle, management of nuclear technology, radiation physics and protection, control rods, coolants, thermal power transfer, neutron poisoning, nuclear accelerators, and spent fuel. Students also learn energy systems design and analysis in general, and the design of nuclear systems in particular. Nuclear engineering background is dearly needed, especially as the Kingdom has announced plans to introduce nuclear power technology with the first two reactors are currently under site qualification stage. While these plants will be based on foreign technology and built by a consortium of international companies, long-term sustainability of this program, including governance and plant operation, will depend crucially on the development of an indigenous workforce possessing adequate knowledge of the science and technology of nuclear power plants.,ME, CHE,First Semester
106,28,ME 444,Radiation Physics and Protection,Introduction to nuclear physics, nuclear reactions, and radiation detection and measurement. Topics include nuclear stability, radioactive decay, fission and fusion processes, radiation interaction with matter, dosimetry, radiation protection principles, and safety protocols in nuclear facilities.,Senior Standing,First Semester
107,28,EE 460,Nuclear Plant Operations,Overview of nuclear reactor design and operation, reactor systems, nuclear fuel cycle, reactor control systems, safety systems, and operational procedures. Topics include reactor kinetics, thermal-hydraulics, emergency procedures, and nuclear power plant maintenance.,Senior Standing,Second Semester
108,28,CHE 470,Nuclear Fuel Cycle and Waste Management,Comprehensive study of the nuclear fuel cycle from uranium mining to waste disposal. Topics include fuel fabrication, reactor operation, spent fuel handling, reprocessing options, nuclear waste treatment and disposal, and environmental considerations in nuclear energy systems.,Senior Standing,Second Semester
109,29,CHEM 451,Polymer Chemistry,Basic concept of polymer chemistry, fundamental bases for understanding the principles associated with the polymerization reactions using a number of traditional and contemporary polymerization techniques (step-growth polymerization, radical polymerization, ionic polymerization, ring-opening polymerization, polymerization by transition metal catalysts) with an emphasis on the mechanisms, kinetics, stereochemistry, structure, structure-property relationships and resulting properties of polymers.,Senior Standing,First Semester
110,29,ME 453,Polymer Sustainability,Concepts of polymer sustainability. Biodegradation of polymers and approaches toward synthesizing biodegradable polymers. Health impact of polymers and various additives used in plastics industry. Managing plastic waste, recycling of polymers, life-cycle assessment, and circular economy of polymers.,Senior Standing,First Semester
111,29,CHEM 457,Polymer Characterization and Analysis,Polymer characterization and analysis using various qualitative and quantitative analytical instruments. Principles, applications, and limitations of the classical analytical techniques required for analysis and characterizing of different kinds of polymers. Analysis of molecular weight, mechanical properties, thermal properties, in addition to spectral analysis. Interpretation of data collected using different techniques of polymer analysis.,CHEM 451 OR CHE 463,Second Semester
112,29,ME 480,Plastics Materials and Processing,Thermoplastic and thermosetting polymers, their properties and engineering applications. Plastic manufacturing processes, equipment and mold design. Plastic materials and process selection.,ME 205 OR ME 216 OR ME 207 OR CHEM 451 OR CHE 463,Second Semester
113,30,CE 476,Industrial Hazardous Waste Management and Treatment,Theory and design of several industrial hazardous waste management and treatment aspects including regulations, environmental audits, pollution prevention, risk assessment, chemical & biological process fundamentals, and industrial hazardous waste separation, handling, treatment, & disposal techniques.,,First Semester
114,30,CHE 458,Process Safety Engineering,Applications of engineering principles to process safety and hazards analysis, mitigation, and prevention, with special emphasis on the chemical process industries. Includes source modeling for leakage rates, dispersion analysis, relief valve sizing, fire and explosion damage analysis, hazards identification, risk analysis, accident investigations, etc.,PHYS 102,First Semester
115,30,ME 461,Risk Management Tools In Systems Design and Operation,The assessment and management of risk, uncertainty, and reliability are critical to the success of any engineering venture today, this course deals with understanding, theory and methodology and tools in assessment and management of risk, uncertainty, and reliability in engineering systems and enterprises. Quantification of Risk and its Impact. Applications will be explored through case studies in some of the following area; environmental, water resources and technology management, clean energy, safety-critical systems, and reliability modeling of multiple failure modes in complex systems. Risk Assessment and management in systems operation.,,Second Semester
116,30,ISE 465,Industrial Safety,The scope of occupational safety: Human safety, Environmental safety, Setting safety standard: Safety administration, Legal aspect of industrial safety.,,Second Semester
117,31,COE 466,Quantum Architecture and Algorithms,"An introduction to the model of quantum computation, quantum hardware, quantum processors, quantum circuits and instruction sets, quantum programming languages, quantum Fourier transform, quantum error correction, quantum algorithms, and applications of quantum computing.","[COE 292 OR ICS 102 OR ICS 103] AND [MATH 208 OR PHYS 210 OR MATH 225]",First Semester
118,31,PHYS 471,Introduction to Quantum Information and Computing,"Review of relevant Quantum Mechanics concepts including linear vector spaces, Entanglement, the EPR paradox, and Bell’s inequality. Quantum Computation including the qubit, quantum gates and search algorithms. Quantum Communication including cryptography and teleportation. Overview of some experimental implementations.","PHYS 210 OR MATH 208 OR MATH 225 OR MATH 260 OR MATH 280",First Semester
119,31,ICS 439,Cryptography in Quantum Era,"The difference between quantum cryptography and existing conventional cryptography, Integer Algorithms, Modular Arithmetic , Symmetric-key Cryptography, Perfect Secrecy, Stream and Block cipher, Group Theory, Public Key Cryptography, Quantum cryptography and cryptanalysis, Key distribution protocols, Quantum money, quantum one-time pad.",COE 466,Second Semester
120,31,PHYS 472,Qubits and Circuit Quantum Electrodynamics,"Introduction to ion trap, spin, NV-center, and circuit qubit, Quantum electrical circuits, superconductivity, Josephson Junction (JJ)-based non-linear harmonic oscillators, JJ-based superconducting circuit-qubits, noise and decoherence, cavity and circuit quantum electrodynamics (QED), microwave-based measurements in circuit QED.",PHYS 471,Second Semester
121,32,CHE 461,Petroleum Refining,"General review of refining processes of crude oil. Shortcut methods for practical design calculations. Design of atmospheric, vacuum, and pressure columns for petroleum fractionation, including auxiliary furnaces and condensers. Recent developments in heavy oil processing.",CHE 306,First Semester
122,32,CHEM 463,Industrial Catalysis,"Fundamentals of homogenous catalysis; homogeneously catalyzed industrial processes such as Oxo and Wacker processes; fundamentals of heterogeneous catalysis; catalyst production and characterization; role of environmental catalysis in green chemistry; electrocatalysis; photocatalysis; and phase transfer catalysis. Important catalytic processes in Saudi Arabia.",,First Semester
123,32,CHE 462,Petrochemical Industries,"Process technologies used in petrochemical industries, such as thermal and catalytic cracking will be introduced. Basic, intermediate and final petrochemicals are studied. These include synthesis gas and derivatives, ethylene, propylene, butene, BTX, and their derivatives. Competing technologies will be assessed from the chemical engineering point of view.",CHE 306,Second Semester
124,32,CHE 464,Refining and Petrochemicals Technology and Economics,"The characteristics of the industry in terms of feed stocks and products interaction, processes and technologies, and Economics are introduced. Petroleum fractionation and general review of refining processes of crude oil are introduced. Important petrochemical products are introduced with emphasis on those produced in Saudi Arabia. The basic unit processes such as hydrotreating, cracking, reforming, dehydrogenation, oxidation etc., are introduced along with their applications in the industry. The economics and cost of production is discussed whenever relevant. The course will emphasize the basic concepts and principles of the industry and will avoid unnecessary and descriptive process details. Integration of the Petrochemical and Petroleum Refining industries will be highlighted whenever applicable.",Senior Standing,Second Semester
125,33,ECON 475,Introduction to Energy Markets, Policies and Regulations,"Provides an introduction to economic decision-making and analysis to different markets and pricing of energy source (oil and electricity in particular) both qualitatively and quantitatively using available international energy database. The effect of a government intervention in the market is examined to provide insights on market behavior and welfare. Energy, environment and climate change issues as well as renewable energy. Case study on the energy sector of the Saudi Economy. Not to be taken for credit with ECON 450. Co-listed with ECON 575","MATH 102 OR MATH 106",First Semester
126,33,CHE 444,Fuel Cells, Batteries and Supercapacitors,"Fuel cell thermodynamics and electrochemistry. Charge transport in polymer and ceramic electrolytes. Gas phase transport in fuel cells (diffusion and fluid mechanics). Energy balance and heat management. Flux balance for fuel cells. Electrochemical energy storage including batteries and supercapacitors. Power management strategies for hybrid storage systems.",CHE 303,First Semester
127,33,CHE 424,Fundamentals of Renewable Energy Processes,"Binary geothermal cycles. Compressed air energy storage. Wind power systems. Hydrogen fuel cells. Solar thermal collectors. Photovoltaic power systems. Biomass thermo-chemical conversion.",CHE 303,Second Semester
128,33,ME 439,Solar Energy Conversion,"Thermal aspects of solar energy conversion. Solar radiation measurement and prediction. Selected topics in heat transfer. Flat plate and focusing collector analysis. Solar energy storage. Solar systems including hot water, space heating and cooling, distillation and thermal power conversion.","ME 315 OR CHE 300",Second Semester
129,34,4xx,Elective Course 1,"Any undergraduate or graduate technical elective course",,First Semester
130,34,XXX-494,Undergraduate Research Thesis I,"This course is an independent research course for students undertaking the CX in undergraduate research. An undergraduate thesis is a substantive piece of research-oriented creative work demonstrating mastery over the discourse of one semester in professional field. A thesis requires students to formulate the main hypothesis and research questions, maintain research integrity and be aware of research misconducts, and acquire skills of identifying research gaps in literature. Students will develop their scientific writing skills to report their preliminary research findings in a research proposal. Such proposal must be planned and completed under the supervision of a faculty (advisor) and, at the advisor's discretion and department approval, may be reviewed by an additional co-advisor. Student will have to present to a committee his/her research plan and hypothesis in the thesis proposal.",,First Semester
131,34,4xx,Elective Course 2,"Any undergraduate or graduate technical elective course",,Second Semester
132,34,XXX-498,Undergraduate Research Thesis II,"This is an independent research course focused on making research contributions and presenting the results in a thesis for students undertaking the CX in undergraduate research. In this course, students will refine their thesis proposal in previous thesis course and work closely with the advisor to demonstrate their research findings over one semester in a professional field. This requires students to ensure the novelty and originality of the idea, conduct extensive research to validate the main hypothesis and research questions, and have the skills needed to write the thesis and prepare the research results for the proper venue for possible publication. Students will learn to develop their professional communication skills to defend their thesis in front of an independent scientific committee and possibly to deliver speech in a research symposia.","Undergraduate Research Thesis I",Second Semester
133,35,CE 403,Characterization of Marine Environment,"Foundations in marine sciences; understanding the physical, chemical, geological and biological characteristics of marine environment; impacts on offshore structures, physical forces affecting marine facilities, marine corrosion and mitigation measures, biofouling and marine pests; effects of offshore structures on the marine environment; environmental impact assessment, impact mitigation, environmental monitoring; marine policy, marine protected areas, national and international regulations.",Senior Standing,First Semester
134,35,CE 407,Introduction to Marine Structures and Materials,"Marine structures and environmental loadings; Offshore structure (fixed; floating; mooring dolphins; jack-ups), costal marine structures (harbor; dry dock); Concrete for marine structures: concrete, concrete mix design and preparation; fresh concrete properties, mechanical properties of hardened concrete, shrinkage and creep, durability; Steel for marine structures: mechanical properties, failure mechanisms; Nonmetals; Miscellaneous materials for marine structures",Senior Standing,First Semester
135,35,CE 409,Assessment and Maintenance of Marine Structures,"Environmental factors causing severe deterioration problems in marine structures; deterioration of marine structures such as corrosion, sulfate attack, salt weathering and crystallization, efflorescence, acid attack, abrasion, erosion, cavitation, and cracking; condition surveys, assessment and evaluation of deterioration damage in marine structures; preventive measures such as coatings, overlays, and cathodic protection; repair methods and materials.",CE 204,Second Semester
136,35,ME 472,Corrosion Engineering,"Technical and economical aspects of corrosion problems. Types of corrosion; pitting, crevice, intergranular, galvanic and stress corrosion cracking. Mechanisms and prevention of corrosion failures. Cathodic protection of pipelines and submerged structures. Principles of inhibition of corrosion in process industries. Behavior of iron, copper, aluminum and their alloys in corrosive environments. Metallurgical aspects of corrosion. Design considerations in prevention of corrosion failures","ME 216 OR CE 204",Second Semester
137,36,CIE 480,Introduction to Robotics & Autonomous System,"Introduction to the fundamentals of mobile robots, spanning the mechanical, motor, sensory, perceptual, and cognitive layers the field comprises. Overview of the mechanisms for locomotion, dynamic modelling, forward and inverse dynamics, sensing. Concepts of localization and motion planning control theory, signal analysis, computer vision","CIE 305 OR AE 313 OR EE 380 OR ME 410 OR CHE 401",First Semester
138,36,CIE 483,Artificial Intelligence and Machine Learning for Robots,"Application of Artificial Intelligence (AI) and Machine Learning (ML) for robotic systems. Intelligent Agents (IA), blind/uninformed and informed search algorithms for path planning. Relational and associative navigation, behavior coordination, uncertainty, and probabilistic reasoning. knowledge representation methods. Different types of IA architectures (operational, systems and technical) and layers (behavioral, deliberative, interface) within a canonical operational architecture of an intelligent robot. Logical agents, deductive and practical reasoning agents, reactive and hybrid agents, rational agents and how to use such techniques for creating autonomous robots/agents. Fundamentals and practical usage of Machine Learning (ML) algorithms, including supervised, unsupervised, reinforcement and evolutionary learning paradigms for implementing autonomous robots/agents.",,First Semester
139,36,CIE 481,Applied Control for Robotic Systems,"Interplay between control and robotics. Kinematic and dynamic models of robot manipulators, mobile robots, and multi-rotor drones, design intelligent controls for robotic systems and explore modeling analogies between these systems. Learn linear/nonlinear, single and multiple input/output closed loop control, stability theories, feedback linearization, and robust control design. Basic system identification techniques and the concept of autopilot design for aircrafts and UAVs.","CIE 480",Second Semester
140,36,CIE 482,Path Planning and Navigation for Mobile Robot,"Key concepts, algorithms and design of robot motion and navigation in the presence of obstacles and static and dynamic environments with uncertainty. Real-time feedback control to track the planned motion, Cspace obstacles, grid-based motion planning, randomized sampling-based planners, and virtual potential fields. Motion and force control, flying robot trajectory design, UAV’s trajectory.","CIE 480 OR AE 449",Second Semester
141,37,ARE 460,Green and Sustainable Buildings,"The concept of sustainability in the building sector. Green and sustainable buildings (GSBs), definitions, objectives, elements and characteristics of GSBs. Sustainability implications of the practice of engineering solutions in the built environment. Environmental, social and economic benefits of GSB. Occupant health, comfort, productivity, energy efficiency, pollution reduction. Active vs. passive design strategies. Sustainable and integrated building design (SIBD). Examples of GSBs practices. Green building materials and systems. GSBs local and international organizations, standards. Assessment, rating systems and certification of GSBs. Case studies. Introduction and preparation towards the LEED Green Associate (GA) Exam.",Senior Standing,First Semester
142,37,CE 462,Advanced Building Materials and Systems,"Introduction to advanced and sustainable materials, definition of interactive and smart materials and systems, properties, types and classifications, their applications, merits and demerits. Examples of current and emerging smart building materials and systems. Biomimetric Materials. Phase-Change Materials. Nano technology applications in the building envelope. Assessment of the suitability and sustainability of smart materials and systems for building and construction projects. Selection criteria based on performance, international-standard practices and certification. Integration strategies of advanced materials and future trends. Site visits to relevant laboratories and materials-manufacturing facilities.",Senior Standing,First Semester
143,37,ARE 461,Applications of AI in Smart Buildings,"The concept of smart buildings, definition and characteristics. Automation technologies, cognitive automation (CA), digital direct controls (DDC) and Artificial Intelligence (AI) - their capabilities, future potential, and application to smart building design, construction and operation. IoT and ML in smart space design, construction and operation. AI utilization in sustainable energy management; safety and security. Inter-building/space communication and collaboration. Occupant comfort, personalization and interactions. Obstacles to change and adoption of IoT and AI solutions. Best practices and strategies to bring IoT and AI into smart buildings. The impact of AI and ML on the future of buildings, communities and cities. Case studies, lessons learned, challenges, and future directions of research in the field.",COE 292,Second Semester
144,37,ARE 463,Sustainable Energy Solutions,"Fundamentals of sustainable and smart energy systems. Energy Efficiency (EE), definition, importance, and critical factors. Sustainable energy solutions for energy-efficient buildings. Energy auditing, testing, and measurements. Building management systems. Energy retrofitting. Maintenance and commissioning. Renewable energy sources. Solar and wind power solutions for buildings. Assessment of renewable energy systems. Smart meters. Hybrid energy systems. Energy performance and renewable energy modeling tools. Sustainable energy policies",Senior Standing,Second Semester
145,38,OM 430,Fundamentals of Supply Chain Management,"This course is about Supply Chain Management (SCM) and its role in any organization. Topics covered: SCM strategies, supply chain drivers, transportation, sourcing, distribution networks, global supply chain management, sustainability and coordination in the supply chain. Different case studies will be discussed in this course.",OM 210,First Semester
146,38,OM 421,Procurement and Suppliers Management,"The course will develop an overarching understanding about sourcing or procurement function. The course will cover several topics such as purchasing process, policies and procedures, supply management and the competitive advantage, suppliers’ management and evaluation, global sourcing, cost management, negotiation conflict management, and purchasing services. Some case studies and articles will be discussed too.",OM 210,First Semester
147,38,OM 423,Logistics and Transportation Management,"This course is about managing materials and information flows throughout the supply chain. Several topics will be covered in this course such as lean logistics, customers accommodation, market distribution strategy, manufacturing strategy, ERP and execution systems, inventory management and strategy, transportation management, warehousing, packaging and materials handling, network integration, performance and financial assessment, operational integration.",OM 210,Second Semester
148,38,ISE 402,Production Systems and Inventory Control,"Elements of functional organization. Forecasting in production systems. Product and process design considerations. Deterministic and stochastic inventory systems. Production scheduling and line balancing. Capacity planning. Material requirement planning (MRP). Computer applications in production control. Case studies and applications.","[ISE 303 AND ISE 205] OR STAT 319 OR MATH 106 AND [OM 210 AND OM 311]",Second Semester
149,39,PETE 464,Energy Sustainability,"Introduction to Global energy sustainability model including its 3 pillars of Economic Growth, Environmental and Social Development and its relationship to Human Prosperity and Energy needs. The relationship between energy demand and human Prosperity and the link to the United Nation 17 Sustainable Development Goals. CO2 and Methane Emission and its link to Climate Change. Energy Transition versus Energy Advancement including the future Energy Mix and the Zero Emission, Carbon Circular Economy and Decarbonization roadmap.",Senior standing,First Semester
150,39,PETE 465,Carbon Capture, Utilization and Sequestration,"Introduction to fundamental and advanced concepts related to carbon capture and sequestration (CCS), scope of CCS in the energy transition context and fundamental aspects of carbon capture, separation and transportation methods and sequestration aspects. Emphasis on site selection, monitoring and verification contents with a detailed CCS assessment workflow to provide exposure to real-life sequestration project, with engineering aspects related to CO2-EOR and sequestration, and a detailed CCS assessment workflow.",Senior standing,First Semester
151,39,GEOP 421,Exploration and Development of Geothermal Energy,"Overview of sources of energy, focusing on geothermal energy. Different geothermal systems, classifications, and main settings. Role of geology, tectonics, hydrogeology, geophysics, and remote sensing on geothermal field exploration and development. Principles of thermodynamics and applications of 1st law of thermodynamics in geothermal energy. Thermodynamic cycles. Shallow (heating/cooling) and Deep (power generation) geothermal energy applications. Environmental and economic aspects and future considerations of using geothermal energy.",Senior standing,Second Semester
152,39,PETE 466,Hydrogen Geostorage,"Introduction to basic ideas of hydrogen production techniques and fundamental and advanced concepts of various options for subsurface storage; The hydrogen production from fossil fuels, biomass and water are included; Discuss the basic principles and classifications of surface and subsurface storage and hydrogen transportation; The mechanism, advantages, disadvantages, and application of gas storage in hydrocarbon reservoirs, aquifers and salt caverns.; Simple design procedure for hydrogen geostorage.",Senior standing,Second Semester
153,40,ME 460,Thermal Desalination Systems,"Seawater composition. The need for water desalination. Classification of desalination processes. Single effect evaporation. Thermal vapor compression systems. Multiple effect evaporation. Multistage flash distillation, once through MSF, Brine mixing and recirculation MSF. Reverse osmosis. Desalination using renewable energy sources. Economic analysis of desalination processes.","ME 315 OR CHE 300",First Semester
154,40,ME 430,Air Conditioning,"Thermodynamics of moist air; construction of the psychrometric chart; psychrometric processes; psychrometric systems; industrial processes, air conditioning systems; Air Conditioning for comfort and health- Indoor air quality, cooling and heating load calculations, duct design and air distribution methods; cooling towers.","ME 315 OR CHE 300",First Semester
155,40,CHE 432,Principles of Heat Exchanger Design,"Description and applications of different heat exchangers in process industries. Design of double pipe heat exchanger (including extended surfaces). Detailed design procedures for shell and tube heat exchanger for single phase flow. Detailed design procedures for air coolers. Selection criteria for heat exchangers. Descriptive discussion of condensers, evaporators and reboilers, novel heat exchangers and other types of heat exchangers.","ME 315 OR CHE 300",Second Semester
156,40,ME 458,Design of Thermo-Fluid Systems,"Application of thermodynamics, mechanical engineering design, fluid mechanics , and heat transfer in design of thermos-fluid systems. Introduction to system oriented design methods. Thermo-fluid system component analysis, selection and design. Component and system modelling, simulation, economics and optimization.","ME 315 OR CHE 300",Second Semester
157,41,CE 445,Introduction to Traffic Engineering and Safety,"Transportation system in Saudi Arabia; Vehicle, roadway, and driver characteristics; human factors; Vehicle, roadway, and driver characteristics; traffic engineering and safety studies; highway capacity analysis; geometric design of highways and intersections; highway capacity analysis; traffic control methods and devices; intersection signalization and signal timing; fundamentals of intersection design; parking facilities; computer applications.",Senior Standing,First Semester
158,41,CE 481,Intelligent Transportation System,"Fundamentals of ITS, Importance of telecommunications in the ITS, Information Management, Traffic Management Centers (TMC), Application of sensors to Traffic management, ITS User Needs and Services, Advanced Traffic Management systems (ATMS), Advanced Traveler Information systems (ATIS), Advanced Rural Transportation systems (ARTS), ITS Models and Evaluation Methods, Connected vehicles, ITS and safety, Travel demand management, Traffic, and incident management systems.",CE 445,First Semester
159,41,CP 414,Geographic Information Systems (GIS),"GIS functional elements, attribute and spatial data structures, remote sensing and GIS, global GIS databases, and GIS Application Areas. Case studies of GIS adoption and Application in Saudi Arabia and abroad, GIS sustainable planning and implementation, and future of GIS technology.",Senior Standing,Second Semester
160,41,CE 482,Geometric Design of Highways,"Geometric configuration of streets, expressways, busways to meet the characteristics of vehicle performance and operator limitations, roadside and guardrail design. Intersection and interchange design; parking facilities; and software applications.",Senior Standing,Second Semester
161,42,GEOL 470,Geology of Unconventional Reservoirs,"Geological principles of unconventional petroleum systems. Principal unconventional reservoirs and their characteristics in Saudi Arabia. Sedimentology, reservoir heterogeneity, geochemistry, geomechanics, and petrophysics of unconventional petroleum systems.",,First Semester
162,42,PETE 471,Introduction to Unconventional Resources,"A multidisciplinary knowledge about the various aspects of unconventional resources. Description of unconventional resources rock and fluid flow in nanopores and kerogen impact on adsorption/desorption. Completion types and drilling strategies. Rigless operations and frac fleet components. Artificial lift methods.",PETE 301,First Semester
163,42,PETE 472,Unconventional Resources Stimulation,"Productivity optimization of fracture size based on reservoir engineering understanding. Rock mechanics, fracture mechanics, and fluids mechanics. Simple 2D and P3D hydraulic fracture design including fracture length, width, and height determination and proppant scheduling. Chemistry of fracture fluids and proppant materials. Field diagnostic test such as DIFT. Introduction to acid fracturing.",PETE 471,Second Semester
164,42,PETE 473,Unconventional Resources Evaluation,"Petrophysics of unconventional reservoirs and building geostatistical models. Reserve estimation methods, including simulation (CMG) and decline curve analysis. RTA and PTA application to unconventional resources. Introduction to AI basics and application of AI to unconventional resources through an intensive term project.",PETE 471,Second Semester
165,43,CE 476,Industrial Hazardous Waste Management and Treatment,"Theory and design of several industrial hazardous waste management and treatment aspects including regulations, environmental audits, pollution prevention, risk assessment, chemical & biological process fundamentals, and industrial hazardous waste separation, handling, treatment, & disposal techniques.",,First Semester
166,43,CE 471,Water and Wastewater: Treatment and Reuse,"Water treatment including pre-design issues, desalination, lime softening, sedimentation, filtration, membrane systems, ion exchange, adsorption, and disinfection technologies; Wastewater treatment including fundamentals of reactor design, activated sludge system, membrane bioreactor, trickling filter, and secondary clarifier; Natural wastewater treatment technologies for smaller and remote communities; Wastewater reuse including water scarcity issues, legal issues, health issues, technical issues & methodologies, areas of application, and case studies.",,First Semester
167,43,CE 474,Municipal Solid Waste Management,"Problems, regulations, collection, handling, recycling and disposal issues related to municipal solid wastes; Characterization of municipal solid wastes including physical, chemical, and biological characteristics; Integrated municipal solid waste management practices including resource recovery, composting, incineration, and landfill design.",CE 330,Second Semester
168,43,CHE 470,Process Air Pollution Control,"Sources and effects of air pollution; air quality, atmospheric reactions and scavenging processes. Meteorological setting for dispersion of air pollutants. Theory of atmospheric dispersion modeling. Air pollution control concepts, selection, evaluation and application of control devices for emission and control from chemical and petrochemical industries.",CHE 304,Second Semester